id,timestamp,source,behavior_metrics_usage_score,behavior_metrics_support_tickets,churn_risk,upsell_potential,churn_label
fad19e57-13c8-43fe-803f-bf8bf8be40cb,2025-02-01T00:00:00Z,hubspot,48,5,0.62,0.36,False
23eb6eab-9267-41b9-b76e-f258478e2356,2024-05-31T00:00:00Z,salesforce,68,7,0.58,0.53,True
7ab8028d-62cf-46d3-a9d5-38ead072e5a4,2024-08-17T00:00:00Z,salesforce,64,0,0.65,0.13,False
6c3a0159-52d1-4106-8942-d16b83eadbe6,2025-01-28T00:00:00Z,hubspot,49,3,0.79,0.42,False
9c7cc4c5-5ceb-4cf0-aaa7-c4a29dbbb72b,2025-03-04T00:00:00Z,salesforce,35,6,0.83,0.1,True
b6719a21-5927-4ceb-9bc4-aea6e76f8259,2024-11-07T00:00:00Z,salesforce,59,5,0.75,0.12,False
035c3cd5-d7ea-4e36-908e-e303c916ef9a,2025-04-24T00:00:00Z,hubspot,38,5,0.96,0.52,True
07029a28-8d2d-445c-8c42-a3feec773b41,2025-02-01T00:00:00Z,salesforce,37,4,0.12,0.22,False
756fb171-172e-47fb-9e53-95fb8669ace6,2025-01-13T00:00:00Z,salesforce,20,4,0.28,0.51,False
98a9f509-74d8-466a-a6e0-bd1fca51d605,2024-10-12T00:00:00Z,hubspot,97,1,0.11,0.41,False
7864e39b-c9f6-4a30-8a7a-99f947f7bb9b,2024-06-18T00:00:00Z,salesforce,66,7,0.68,0.13,True
a6d2f082-1abd-4b71-8730-297d07739b21,2025-02-16T00:00:00Z,hubspot,85,7,0.91,0.47,True
61700a69-ff65-4b59-b04e-5d1e2e7989d4,2025-02-04T00:00:00Z,hubspot,57,2,0.32,0.1,False
6fe90566-49e5-4e08-a094-77011d076e82,2024-05-20T00:00:00Z,salesforce,70,7,0.93,0.58,False
e7b79dee-b359-4352-99b7-d3bf633dee87,2024-12-14T00:00:00Z,salesforce,82,4,0.15,0.83,False
0a5bb843-95fb-45d7-a10f-39290482ca76,2025-01-04T00:00:00Z,salesforce,23,0,0.94,0.25,True
0cbd5cf7-f6ca-48c2-8187-176c6331190f,2024-12-16T00:00:00Z,salesforce,20,7,0.42,0.4,True
d470bb42-46e7-4801-bea0-c8b7988aa1ab,2024-07-10T00:00:00Z,salesforce,27,4,0.19,0.1,True
e78f8472-3f6b-4771-8866-3bbd75a229bd,2024-08-30T00:00:00Z,hubspot,48,1,0.54,0.43,False
a656d31a-afae-424d-8ddb-4515e5764ada,2024-06-05T00:00:00Z,salesforce,74,5,0.33,0.18,True
52a1fa4a-d0b8-49b1-9447-7b385f902a1a,2024-07-25T00:00:00Z,salesforce,22,7,0.36,0.33,True
011b169b-05e1-4d09-aa2d-365aaeae9e81,2024-11-04T00:00:00Z,hubspot,51,1,0.38,0.9,False
aa8b5f44-d3dd-4810-8987-e0cc2ccfb541,2024-08-11T00:00:00Z,salesforce,29,5,0.82,0.2,True
333b8d96-e13e-4730-921c-d2c6933dd855,2024-12-05T00:00:00Z,hubspot,93,6,0.59,0.52,False
d2bd3a3f-51ef-4f00-9978-e1505e263584,2024-07-05T00:00:00Z,salesforce,53,6,0.38,0.24,False
47627726-53c6-4ecc-946d-5c8b0defe666,2025-04-23T00:00:00Z,salesforce,74,5,0.65,0.5,False
1d0848c2-ebb0-4acd-b9e5-0cfb30dde5c1,2024-09-04T00:00:00Z,hubspot,51,7,0.74,0.24,True
d813bff4-2f19-4c84-99e2-c58d87dd9f9e,2024-09-21T00:00:00Z,hubspot,69,2,0.35,0.32,True
0a4376e0-e6f8-4612-ac2f-30ed1ece9a31,2024-06-04T00:00:00Z,hubspot,26,4,0.47,0.62,False
eb593eca-3ce6-41dd-b381-efe9f38f9ab2,2025-03-27T00:00:00Z,hubspot,27,0,0.21,0.37,False
583807c6-2fa1-472d-8a67-09797ab3bbdf,2025-03-17T00:00:00Z,hubspot,84,0,0.26,0.17,False
85eb4e74-e1c0-40dc-b8ee-10e1c32291a5,2024-11-26T00:00:00Z,salesforce,76,3,0.71,0.14,True
4417b192-1366-4a60-b2e9-428e766a758a,2024-11-08T00:00:00Z,salesforce,86,5,0.26,0.22,False
ebcceba4-12de-4f97-822c-1ee008dbc865,2024-08-17T00:00:00Z,hubspot,78,0,0.57,0.29,False
4d8cca77-0d6e-46fd-b9b2-a210020ca84f,2024-11-06T00:00:00Z,hubspot,91,7,0.74,0.64,False
45422dbd-ee27-4aeb-91a1-c017711d080c,2024-11-21T00:00:00Z,hubspot,73,2,0.2,0.48,False
e2538ab3-ce13-4d83-8871-b672a33cefe6,2025-03-25T00:00:00Z,salesforce,86,5,0.61,0.42,False
4be5cbbf-19d3-4478-a7b8-06c2819a0021,2024-05-16T00:00:00Z,salesforce,70,2,0.33,0.18,False
0096db81-5b96-49d9-80f0-6a32be7b3e54,2025-03-21T00:00:00Z,hubspot,27,7,0.97,0.36,True
d0edf5dc-69fc-46e2-8ffc-4b94809ab6a6,2024-09-13T00:00:00Z,salesforce,53,0,0.54,0.57,False
d4278005-6d1a-477f-b4ce-d01398b488e6,2024-06-29T00:00:00Z,hubspot,54,0,0.83,0.1,True
02478f01-a0e0-4319-92c2-a0d91445e010,2025-01-04T00:00:00Z,hubspot,97,3,0.6,0.6,False
f4c719e4-ee9a-491a-abde-edd65a48cde5,2024-07-12T00:00:00Z,salesforce,51,0,0.14,0.57,False
a3ca97eb-e262-46aa-ba58-fbaf3d91e31f,2024-12-31T00:00:00Z,hubspot,65,5,0.67,0.1,True
1c80d88c-31d7-4b8d-a3c2-1db95a7db3ec,2025-04-24T00:00:00Z,hubspot,35,7,0.96,0.22,True
6dd0bc7e-a87f-4cd9-b270-c083fdb367d2,2024-06-20T00:00:00Z,salesforce,87,6,0.64,0.17,True
bd75dbf3-bd92-4392-945a-9ca73e8a2eb9,2024-11-29T00:00:00Z,hubspot,56,7,0.84,0.19,False
4d5c5fa1-67e8-4160-804e-673ae9b20120,2024-08-14T00:00:00Z,salesforce,73,5,0.9,0.81,False
620ea9bb-9da1-4da4-8bba-d85e287b9d11,2025-02-15T00:00:00Z,hubspot,33,5,0.31,0.39,True
ea770089-10c1-49b7-b56e-6fd7833f0a24,2024-07-03T00:00:00Z,salesforce,74,3,0.29,0.58,False
5883f8f7-6858-4474-b2be-f88b683407ae,2025-05-01T00:00:00Z,hubspot,67,3,0.65,0.36,False
e56df24d-c0a3-4bbc-827a-d558567736d1,2024-09-15T00:00:00Z,salesforce,26,0,0.47,0.32,True
0ebb3a5a-fa68-4145-b8ed-7e9fab18e499,2024-08-23T00:00:00Z,salesforce,93,1,0.86,0.38,True
f612a968-1358-422d-bc7b-8a12f96a7ca0,2024-06-03T00:00:00Z,hubspot,26,7,0.91,0.34,True
2ee9d3d6-1f50-4f7e-9042-184cd5882eaf,2025-03-23T00:00:00Z,salesforce,52,7,0.42,0.15,False
c3d02061-12f6-4032-81a9-139de37a95b2,2024-06-09T00:00:00Z,salesforce,42,1,0.31,0.4,False
f51b9ac0-d529-4ae2-9ea3-ebfb42435d26,2025-02-12T00:00:00Z,hubspot,38,3,0.8,0.46,True
98f9dc2b-1f25-4330-a5e1-08e416a9b541,2024-08-24T00:00:00Z,hubspot,38,0,0.35,0.19,True
848cfc98-428f-4f52-beeb-c35afef2af10,2025-04-10T00:00:00Z,salesforce,55,1,0.84,0.1,True
4375fe2c-6060-4e85-997c-682ff8edca31,2024-10-21T00:00:00Z,hubspot,48,0,0.48,0.48,True
f58f31a7-b6b6-4eda-9d6e-28fd99316a21,2025-02-23T00:00:00Z,salesforce,79,0,0.7,0.1,True
b27942db-cb9f-4d2b-aa99-fc8d93dfd577,2025-03-26T00:00:00Z,salesforce,21,0,0.19,0.14,True
89493b70-6968-4f08-a80c-f0f402b81240,2024-05-20T00:00:00Z,salesforce,20,4,0.66,0.21,False
09682b6b-9faa-4ee6-9c6c-b8ef8143f9ab,2025-05-13T00:00:00Z,hubspot,66,5,0.51,0.34,False
e9a8432d-fdab-4ba3-b0ba-4a038aea16a2,2025-03-22T00:00:00Z,hubspot,88,0,0.63,0.69,False
df620a06-411f-40f7-a4c2-803f0b25a29b,2025-01-29T00:00:00Z,hubspot,39,4,0.25,0.51,False
d7295ea7-961a-446d-9ffc-617288935d0f,2024-08-28T00:00:00Z,hubspot,30,3,0.76,0.12,True
eda4995b-5283-4bc9-adef-db039c084311,2024-07-09T00:00:00Z,salesforce,21,1,0.88,0.42,True
0c1c0564-4d63-49e0-8700-154cbd338ab4,2024-11-05T00:00:00Z,salesforce,86,5,0.3,0.62,True
e05b54bf-c5b7-4d4b-9ca6-b06f0ba36cbb,2024-10-09T00:00:00Z,salesforce,31,6,0.19,0.69,False
4a19c480-15af-4f87-acfd-20d4aa6ed2b3,2025-04-01T00:00:00Z,salesforce,39,1,0.12,0.22,False
41aac256-1ad0-4ebd-9e19-95d06a9b8b92,2024-12-04T00:00:00Z,salesforce,24,5,0.68,0.17,True
52d0a513-f6c7-4790-9ce0-9c68d9eb4946,2024-10-25T00:00:00Z,hubspot,56,6,0.65,0.5,True
a6ad5b7b-a1ae-4450-8b98-9509f9255d7f,2024-08-18T00:00:00Z,salesforce,57,1,0.59,0.73,False
a6284652-ecf0-463e-8b88-2a9674d5624e,2024-05-29T00:00:00Z,salesforce,28,5,0.31,0.1,True
b7a1f547-e04f-4085-81e9-0834a59f53fa,2024-07-15T00:00:00Z,salesforce,72,1,0.45,0.14,False
9deebe80-84d3-4cc2-8251-3733a5be8292,2024-08-17T00:00:00Z,hubspot,63,1,0.64,0.49,False
f48487e8-99f4-4992-aa45-9c4ec874558e,2024-10-12T00:00:00Z,hubspot,43,6,0.55,0.63,True
2415004d-48b2-4db4-af06-7bf261607be9,2024-09-05T00:00:00Z,salesforce,93,1,0.99,0.55,False
dd34a417-90b8-4d02-aecd-b207ea944780,2024-11-06T00:00:00Z,salesforce,49,1,0.22,0.52,False
cf730df2-8e10-4807-9c20-3386a62271ce,2024-07-23T00:00:00Z,hubspot,78,6,0.73,0.1,True
8fabc06b-d103-4fd7-972d-640c16c26a85,2024-10-14T00:00:00Z,salesforce,33,3,0.46,0.58,False
f896159a-5003-4c79-a327-89120b3e5125,2024-10-19T00:00:00Z,hubspot,28,0,0.49,0.39,True
effcd566-2fe6-4550-932b-36b660e2ad7b,2024-09-20T00:00:00Z,hubspot,59,7,0.75,0.35,False
51f6b684-80c7-440e-b3ba-d9991497637b,2024-06-11T00:00:00Z,salesforce,85,2,0.72,0.75,False
55d7f3a1-7832-4047-8aba-fa33c39cd245,2025-03-23T00:00:00Z,salesforce,44,4,0.99,0.81,False
7619e3a2-0075-47b1-b0b3-137cfdb2957b,2024-08-08T00:00:00Z,hubspot,92,2,0.22,0.21,False
2dbd9706-c2e4-4730-92d8-09aa48b9f3b4,2024-10-10T00:00:00Z,salesforce,41,2,0.19,0.55,False
14dda2bc-de36-4118-a67a-3b71d7131384,2024-09-05T00:00:00Z,salesforce,23,5,0.75,0.21,True
49c4c200-43d7-4470-badc-a83c9962cd53,2024-11-08T00:00:00Z,hubspot,45,0,0.62,0.78,False
c85c0653-1c87-4d42-8b50-3c447a007d04,2025-04-04T00:00:00Z,hubspot,77,5,0.35,0.36,True
ccbe1100-a38b-4592-92ba-5c10a8672e9f,2024-12-09T00:00:00Z,hubspot,48,0,0.17,0.56,False
65dfb806-ec49-414f-a693-633118286829,2025-04-30T00:00:00Z,hubspot,56,6,0.18,0.38,True
adb56cab-cff7-4182-b5cf-ec5156d5bd18,2024-07-18T00:00:00Z,salesforce,94,6,0.9,0.2,True
54486f48-4819-4b2d-9dfa-f37407cb6ded,2025-03-11T00:00:00Z,salesforce,89,7,0.27,0.67,False
3d38db6c-995e-4b7a-bd14-db59c9f4cd9a,2024-06-04T00:00:00Z,hubspot,37,0,0.39,0.27,True
2ebdd31b-a0c5-4469-859d-0fbc4060184d,2024-06-22T00:00:00Z,salesforce,61,1,0.3,0.2,False
66b6e5d3-37cd-42a6-9b61-8d0917f13f3d,2025-05-06T00:00:00Z,salesforce,60,3,0.42,0.29,True
d71efe20-32c2-4588-a9be-65055533eebb,2024-06-05T00:00:00Z,hubspot,57,7,0.16,0.31,True
bf1d4e50-2915-4586-9e2e-d381ab91ea80,2025-01-06T00:00:00Z,salesforce,53,7,0.57,0.19,True
676d1ef9-996b-4d5a-9dd9-043b2f01d117,2024-12-30T00:00:00Z,salesforce,36,1,0.16,0.36,True
8119cce5-393e-4ac1-a128-bcc8c0591bc3,2025-03-13T00:00:00Z,salesforce,56,3,0.82,0.38,True
c492493d-3a4f-4957-a12d-1e8a0570efeb,2024-12-27T00:00:00Z,salesforce,44,5,0.31,0.33,False
edf2a5fa-ebde-4247-a9da-f5d71a728f05,2025-02-23T00:00:00Z,salesforce,95,3,0.59,0.55,True
3c873898-bb47-478c-a32f-31db239906ae,2024-12-03T00:00:00Z,salesforce,46,5,0.89,0.22,False
b4d14244-b493-4785-92c9-252f6d7763ec,2024-07-30T00:00:00Z,salesforce,76,6,0.69,0.19,True
aa60f585-d4a6-4d2b-af62-429644c43c96,2024-08-27T00:00:00Z,hubspot,50,2,0.58,0.14,True
a2b9f7f1-f620-474e-9f1c-8c5ea99afa72,2024-09-26T00:00:00Z,hubspot,25,6,0.39,0.69,False
360b2f8b-9807-404b-b045-018f95e73d53,2025-04-04T00:00:00Z,salesforce,59,6,0.4,0.23,True
033c39b5-a3a1-4853-b07f-41954c0aaef6,2025-04-17T00:00:00Z,hubspot,31,2,0.7,0.1,True
1c09b9e5-6892-4cee-a649-b164c218088d,2024-12-31T00:00:00Z,salesforce,72,3,0.99,0.34,True
5ea396c7-9a34-45b2-9d5e-ebe9501bc5dd,2024-10-26T00:00:00Z,salesforce,90,7,0.7,0.27,True
d6bb4feb-d488-4258-b886-6e636b311642,2024-06-21T00:00:00Z,hubspot,29,3,0.6,0.13,False
ab6569e1-f941-475a-84b4-3ea1e853a721,2024-08-20T00:00:00Z,salesforce,64,5,0.76,0.3,True
2dc2dc8e-3335-48e7-bdac-03d2b963a5ac,2025-04-12T00:00:00Z,hubspot,36,1,0.52,0.79,False
56d1ff1a-6cc4-4646-b828-cc93dc8340b5,2025-03-28T00:00:00Z,salesforce,45,5,0.15,0.45,False
6fe20a99-6a39-4b59-8edb-b5571ba1132f,2025-03-14T00:00:00Z,hubspot,81,1,0.61,0.84,False
7a605593-78c8-44ff-bd4b-d4b647da0ba5,2024-10-11T00:00:00Z,salesforce,65,6,0.96,0.47,False
ad2b5920-c9bc-43ec-a595-be1e6cfdd7a5,2024-07-26T00:00:00Z,hubspot,83,2,0.26,0.71,False
a1a84869-bd29-45a9-85f4-a2bfaa2f370d,2025-02-05T00:00:00Z,salesforce,21,6,0.72,0.63,False
fac9e9f0-cd28-449b-a71f-a7ab0494024f,2024-11-24T00:00:00Z,hubspot,73,0,0.28,0.36,True
8d181903-f0e4-4edb-aa05-2dabd9099525,2024-05-20T00:00:00Z,salesforce,84,3,0.58,0.18,False
7bb57315-74c2-4164-82ab-b1fcd0dceb1d,2024-10-13T00:00:00Z,salesforce,70,1,0.19,0.73,False
01bc5d25-b19c-4405-ae08-c7c2b16f9ec1,2025-04-10T00:00:00Z,hubspot,72,5,0.51,0.27,True
f27d74ff-af07-4c80-a5f7-d821be746968,2024-09-30T00:00:00Z,salesforce,55,2,0.78,0.23,False
91a0b6bf-2619-4378-8a12-b0300b11cdd7,2025-02-03T00:00:00Z,hubspot,45,1,0.41,0.1,False
3877e580-5b3d-45b4-a835-db0d7983ba4f,2025-01-04T00:00:00Z,hubspot,48,5,0.7,0.34,True
2a7f9aa4-2668-4f38-bf9a-df43cb52da63,2024-08-31T00:00:00Z,salesforce,40,3,0.82,0.23,True
e257a046-f189-4ace-ac27-b7c13afc213a,2025-05-10T00:00:00Z,hubspot,30,6,0.93,0.23,True
2c1f35bd-b275-4a29-afa0-29e407a803ca,2024-10-09T00:00:00Z,salesforce,59,3,0.31,0.9,False
2c6bc51a-2d7d-466b-a824-f146a543507d,2024-09-02T00:00:00Z,hubspot,30,4,0.46,0.15,False
584ec9fe-f05a-44a9-93ad-d17d35ad1c3b,2024-05-21T00:00:00Z,salesforce,55,0,0.24,0.6,False
ca039b6f-2c71-4f65-b570-2e9e61edcab1,2024-08-05T00:00:00Z,salesforce,78,4,0.99,0.21,False
e98518ff-a48d-417f-b7b8-8da2832650f7,2024-10-20T00:00:00Z,hubspot,58,2,0.93,0.7,False
80245784-0fc1-4b91-b99a-3678aa62cf8d,2025-04-30T00:00:00Z,hubspot,73,1,0.59,0.57,True
4091787d-3b43-4017-b3d9-c322a77cea64,2024-06-03T00:00:00Z,salesforce,74,2,0.86,0.23,True
6887ddae-2499-43aa-b59b-b926b8c7672d,2025-04-03T00:00:00Z,hubspot,43,6,0.57,0.6,False
fccbda7d-58d7-4adc-8020-6d1f1696ae36,2024-11-17T00:00:00Z,salesforce,41,5,0.66,0.28,False
5ae26ac3-50e2-4c22-a670-858deb639f30,2025-03-13T00:00:00Z,salesforce,88,3,0.18,0.3,True
ad7bb077-07e9-4c84-a947-4c48050a0ccc,2024-05-28T00:00:00Z,salesforce,75,4,0.78,0.49,True
74e27356-00ee-4056-a8c1-9dd9888b742e,2024-09-26T00:00:00Z,salesforce,52,7,0.21,0.42,False
a8805fc1-4b9a-45b7-af27-faec2a78e3eb,2024-09-16T00:00:00Z,salesforce,55,4,0.84,0.23,True
819b2296-771b-4939-b14b-8cb357440cbc,2025-03-24T00:00:00Z,salesforce,39,6,0.8,0.23,True
0f28b6a1-3abf-4dec-bd1e-42519f60df67,2025-02-08T00:00:00Z,hubspot,81,4,0.74,0.35,True
18afa1ff-1bcc-496d-a7ae-5ac38fde5e10,2024-10-05T00:00:00Z,hubspot,92,6,0.13,0.22,True
5ef000ce-fe20-4955-a91c-1b9d7b5597d1,2024-09-26T00:00:00Z,hubspot,45,7,0.37,0.17,True
f1bbdd54-2356-476b-ac79-d2969d7cfa2b,2024-09-20T00:00:00Z,salesforce,85,2,0.34,0.62,False
d4b05625-52e2-46d2-a11c-ed9557938a67,2024-12-23T00:00:00Z,salesforce,92,3,0.42,0.57,True
c619f5b4-e566-4e7d-9e30-5a96907a194b,2024-11-25T00:00:00Z,hubspot,92,1,0.18,0.17,False
e69a102d-b510-4e01-8503-dfa8ba54b0de,2025-04-16T00:00:00Z,hubspot,59,5,0.94,0.11,True
f4baa7f1-a259-4c68-83cd-b01addaae4da,2025-04-09T00:00:00Z,salesforce,36,1,0.6,0.2,False
49c78fbb-ceaa-45fb-bc87-90d2f7e7bfc6,2025-05-02T00:00:00Z,hubspot,20,2,0.37,0.38,False
75181fb2-93d1-417f-9424-1a912d515898,2024-12-06T00:00:00Z,hubspot,80,5,0.46,0.18,True
4e55e622-303b-4bb4-9cf7-1af8a7efdd2a,2024-06-22T00:00:00Z,hubspot,62,4,0.5,0.54,False
41a33332-84bc-493d-9595-86ebe3f28509,2024-11-09T00:00:00Z,hubspot,61,7,0.64,0.47,True
01387eb9-bfae-4bc9-8e21-ad73d5d826c3,2024-09-14T00:00:00Z,hubspot,44,7,0.56,0.5,False
24bb4b5f-fc07-455c-80de-ff7fa52d747c,2025-02-18T00:00:00Z,salesforce,58,0,0.93,0.25,True
a86a60b9-bdad-44aa-834d-20cb3cf5c865,2024-08-04T00:00:00Z,hubspot,54,2,0.55,0.77,False
c489d5ea-c007-4a3e-be5c-68528179472f,2025-03-10T00:00:00Z,hubspot,22,2,0.99,0.34,True
732d102c-c765-42bc-8759-1a531488dfc6,2024-11-26T00:00:00Z,salesforce,63,3,0.87,0.37,True
9bde82bf-5e67-4444-89da-86e2701b6ea3,2025-03-31T00:00:00Z,salesforce,70,1,0.29,0.36,True
0985108b-5bfd-444c-a7be-9d353e9677b4,2025-03-14T00:00:00Z,salesforce,31,2,0.94,0.18,False
aecbfe2f-04ff-40cc-ab8e-89fb5551486f,2025-01-01T00:00:00Z,hubspot,38,2,0.2,0.5,False
41ed380c-3235-47a7-96f7-a23d34141a91,2024-08-04T00:00:00Z,hubspot,63,4,0.84,0.23,True
e332c5cc-3c54-4f2f-acd5-daae34ca4a1a,2025-04-17T00:00:00Z,salesforce,78,4,0.44,0.68,False
63068a0a-9318-4be0-ab13-4db7dc8fdf23,2025-01-27T00:00:00Z,salesforce,68,5,0.89,0.1,True
af89b55d-b507-4523-b23a-e721804f3d0e,2025-04-01T00:00:00Z,salesforce,80,6,0.88,0.24,False
effed91f-1796-446e-a7ee-7efb9cddda9e,2024-06-09T00:00:00Z,hubspot,36,6,0.83,0.4,True
74327413-5501-46d6-aa8f-970c5d6d43ff,2024-08-02T00:00:00Z,hubspot,93,0,0.81,0.26,False
53b39a9e-cdd4-4a57-9a62-b9ef7564cf4a,2024-06-18T00:00:00Z,hubspot,76,6,0.37,0.26,True
30a3105b-f637-40cc-bdc5-4d4176b0e7ac,2025-01-07T00:00:00Z,salesforce,74,3,0.17,0.25,False
0488f295-a5f1-493b-b59b-d243ee9a3278,2024-06-01T00:00:00Z,salesforce,66,0,0.46,0.36,True
1d3eb14c-1406-488c-b5c6-ced110ac7462,2024-09-26T00:00:00Z,salesforce,31,5,0.26,0.29,True
afe8268a-8f76-43c5-a03c-623547dc24e2,2024-11-06T00:00:00Z,salesforce,81,4,0.73,0.52,False
ef8ea38b-4c3c-46b2-9047-b5b22abb0d42,2024-10-02T00:00:00Z,hubspot,99,6,0.41,0.18,True
73499607-67a9-4d84-87a9-20f0c6b83175,2024-08-05T00:00:00Z,hubspot,27,1,0.98,0.25,False
858ec9f7-7bcf-4d65-a669-d8064ca44a54,2025-01-14T00:00:00Z,hubspot,40,4,0.68,0.1,True
708869a8-13de-4278-bf3f-26b772b6e139,2025-01-19T00:00:00Z,hubspot,99,7,0.84,0.17,True
3130557c-3103-44e9-9e60-fc9533c37c33,2024-09-24T00:00:00Z,salesforce,89,3,0.22,0.64,False
6fab9a0f-8a20-45e4-8660-b0a2e0d4475b,2024-08-29T00:00:00Z,hubspot,91,4,0.88,0.6,True
11582940-089c-4661-ab1e-b8a3e5490e0d,2024-05-21T00:00:00Z,hubspot,44,3,0.93,0.33,True
f89bcee5-dad6-4ca6-ac98-d84f76338df6,2024-10-29T00:00:00Z,hubspot,31,3,0.54,0.45,True
dd2e0d8a-941a-4f11-96f1-a91c51cb46d6,2024-12-29T00:00:00Z,salesforce,34,3,0.65,0.56,True
c96930d8-5239-4be4-8ebf-00e4ff7538b6,2024-07-01T00:00:00Z,salesforce,78,5,0.79,0.24,True
57ab3dc7-c2b1-4de3-847d-6f2e1c44cb2e,2024-12-01T00:00:00Z,salesforce,45,3,0.26,0.31,False
28ea862d-cce6-427a-85c5-e9d0d6803786,2024-10-02T00:00:00Z,hubspot,45,3,0.55,0.86,False
3cd4acc8-520d-4b0b-9090-9de237f72622,2024-07-12T00:00:00Z,hubspot,66,7,0.46,0.21,True
2005254f-7e84-4dd7-a635-6a80a49f70b9,2024-09-23T00:00:00Z,salesforce,51,1,0.23,0.52,False
b4cd496c-9fed-47f3-9cab-e7565f2d3b43,2024-11-24T00:00:00Z,hubspot,29,0,0.43,0.15,False
f500c85a-6c4e-4036-84a1-af9efe329715,2024-12-14T00:00:00Z,hubspot,35,2,0.16,0.45,False
63600591-2121-4bb7-be38-339bca20d5fa,2024-07-04T00:00:00Z,salesforce,90,7,0.12,0.46,False
057cf4e2-75a0-4af8-9955-be64b07b8d32,2024-12-06T00:00:00Z,salesforce,36,0,0.22,0.81,False
8129dd00-5efb-48ef-86c7-53c318e824da,2025-02-08T00:00:00Z,hubspot,42,3,0.97,0.44,False
694b3753-857a-4e28-a54e-61babd7eda1d,2024-09-24T00:00:00Z,salesforce,45,1,0.59,0.34,False
c73514a4-29f1-4d7a-a53e-d34bafc4fa43,2024-11-16T00:00:00Z,hubspot,26,4,0.97,0.46,True
8f33e36d-340e-4ec4-84b1-1dc13d6130e9,2025-01-22T00:00:00Z,salesforce,33,1,0.49,0.19,False
ceb3d7f4-e481-4ff1-a399-1032d905a328,2024-07-01T00:00:00Z,hubspot,98,7,0.38,0.16,True
9787bfe2-3898-4d76-b959-ef3489e693f1,2025-03-24T00:00:00Z,salesforce,26,3,0.56,0.1,True
e4b484ff-6dcf-4548-9e2f-5704c793fdc5,2024-08-20T00:00:00Z,salesforce,28,1,0.5,0.71,False
d14aa0e8-224a-4f34-b9a0-e9cf40c1f759,2024-07-24T00:00:00Z,hubspot,67,6,0.2,0.9,False
c25fe575-1822-45bc-b341-8318cc9edbd0,2025-01-22T00:00:00Z,salesforce,91,1,0.68,0.23,True
f0c0e01c-6976-4eca-a722-5fe253aed146,2025-02-03T00:00:00Z,salesforce,78,3,0.29,0.41,True
1c906cca-76c6-43c8-82c2-1b4afc4b1368,2025-01-22T00:00:00Z,salesforce,58,5,0.66,0.15,True
b1de4dad-6457-4e4e-a3ec-64e05b51001e,2025-02-23T00:00:00Z,hubspot,37,6,0.69,0.44,True
73766924-ea67-45a2-9b4c-fe9662e0089a,2024-11-09T00:00:00Z,hubspot,78,1,0.24,0.72,False
3b52bf32-1560-4e83-a44c-0acbc43b4283,2025-01-22T00:00:00Z,hubspot,36,2,0.16,0.72,False
64f89135-81e9-45d5-96a7-591a5f902e15,2025-05-13T00:00:00Z,salesforce,33,2,0.8,0.1,True
8b2c3e79-cd1b-4a2e-a039-91f30e6b955b,2025-01-05T00:00:00Z,salesforce,50,1,0.51,0.29,True
a8fb0e31-f21e-43c0-82ba-0cc047707e7b,2024-10-07T00:00:00Z,salesforce,43,5,0.15,0.4,True
85eb7ba6-c1ca-4814-bfae-d535c0fe7ec6,2025-03-22T00:00:00Z,salesforce,79,4,1.0,0.2,True
50854454-753d-4a66-a4a4-69dae16f2495,2024-06-06T00:00:00Z,salesforce,64,3,0.15,0.76,False
f83f86d9-3d2c-4ef6-9e4f-e79eb48a5944,2024-10-03T00:00:00Z,salesforce,22,2,0.73,0.34,False
05491d91-98d0-4e8a-956b-67cd7168a697,2024-10-02T00:00:00Z,salesforce,56,4,0.99,0.77,False
52624d2b-5ade-4691-8080-13e219cf23ad,2025-01-09T00:00:00Z,hubspot,62,1,0.32,0.11,True
9e2e27a3-cf97-427e-a517-50d4cce5a039,2025-01-05T00:00:00Z,salesforce,59,7,0.23,0.65,False
17a2b561-d063-4937-84cd-98cfc5f048b8,2025-03-23T00:00:00Z,salesforce,74,4,0.21,0.44,False
2d7cabef-a07b-4e28-aff3-20979b57f61c,2024-11-24T00:00:00Z,hubspot,58,6,0.37,0.16,False
2534d202-a891-40b1-9636-1e5e5f0831ec,2024-10-09T00:00:00Z,salesforce,34,0,0.19,0.29,False
51eac725-44fe-40ac-82f1-f0c036d107fa,2024-12-06T00:00:00Z,hubspot,23,2,0.72,0.1,True
37d54c0e-cb69-4a3a-be2c-0c2de1e5375f,2024-10-29T00:00:00Z,hubspot,44,1,0.16,0.41,False
493e70b6-e3be-451a-a7f9-696d408429bc,2024-09-10T00:00:00Z,hubspot,32,7,0.56,0.22,True
6ea7ede6-eb81-4411-b5b8-1e3125270da9,2024-06-25T00:00:00Z,salesforce,52,3,1.0,0.21,True
a4d58188-2690-42c3-96f0-89eaeed846c5,2024-10-24T00:00:00Z,hubspot,35,7,0.83,0.14,True
ea4a50b0-ac09-4b1b-b865-01b51a8749a0,2024-11-12T00:00:00Z,salesforce,61,5,0.65,0.24,True
9a9bd3ed-ae00-4dc7-b503-bfdfe7e2812e,2025-01-12T00:00:00Z,salesforce,85,6,0.38,0.58,False
9cbd05a3-5890-4482-b3af-01bce579514a,2024-09-02T00:00:00Z,salesforce,74,1,0.66,0.11,False
6f1cd833-06eb-46a1-95c2-b121df06eb08,2024-07-25T00:00:00Z,hubspot,61,3,0.57,0.54,True
8cc3063f-7b5d-4bf0-9b45-a02e2f9c08e2,2024-08-08T00:00:00Z,salesforce,53,5,0.48,0.67,False
3b8755a2-7483-4f45-be6b-9fe20ae193ff,2024-06-24T00:00:00Z,salesforce,49,5,0.22,0.54,False
2523a591-993e-454a-bd01-144b4ca6beb7,2025-02-06T00:00:00Z,hubspot,32,1,0.9,0.52,False
cdc15911-6802-4d84-81e9-bc703491e6ed,2024-10-29T00:00:00Z,salesforce,32,6,0.5,0.88,False
836116d1-6470-4a9c-8d91-ad9c709380b3,2024-09-17T00:00:00Z,salesforce,37,4,0.28,0.23,False
e27f434e-da01-4569-8c70-43b91ae9895d,2024-12-22T00:00:00Z,salesforce,51,4,0.43,0.13,False
1587e774-ff36-4b6c-9232-e63b4c025f2e,2025-02-07T00:00:00Z,salesforce,58,5,0.47,0.1,True
366f5ad0-a4ca-4ee9-bc96-6c85ba889fa7,2024-10-26T00:00:00Z,salesforce,65,4,0.84,0.33,True
5f626585-43ef-43c9-aaf7-1e0d7f1fb933,2025-01-11T00:00:00Z,salesforce,48,0,0.76,0.1,True
148484a1-e16a-4fee-b7e4-40de80a5e876,2024-11-09T00:00:00Z,hubspot,81,5,0.79,0.26,True
b770ce74-7fc2-445d-be5a-9eeee3b0dba3,2024-06-23T00:00:00Z,salesforce,81,5,0.11,0.4,True
9867bb97-37a3-403e-b18a-565750431021,2024-05-31T00:00:00Z,salesforce,76,3,0.47,0.63,False
0d1a0033-52df-4739-be95-e08c6e4831e0,2024-08-29T00:00:00Z,hubspot,35,4,0.53,0.52,False
911e091c-2aaa-4c21-b890-6ff422e56b4a,2024-12-18T00:00:00Z,salesforce,75,6,0.12,0.13,False
361a3653-1032-43a3-a679-d8a489fbe4f5,2024-09-05T00:00:00Z,hubspot,29,5,0.33,0.28,True
020efcdb-c5d9-4c39-b528-b4f1998d5a05,2024-06-03T00:00:00Z,salesforce,49,7,0.78,0.6,False
ebe33f68-d7f4-4224-9800-b7a6e2cb5774,2024-12-19T00:00:00Z,salesforce,44,6,0.22,0.18,False
318e6cdc-21dc-4d99-a763-438866315013,2024-12-18T00:00:00Z,salesforce,24,0,0.58,0.1,True
1a0a249a-d987-4e4a-a720-7ea67b19aa78,2024-05-28T00:00:00Z,salesforce,84,3,0.29,0.86,False
b96bfb88-e401-45ac-9a4f-dc101102b2a7,2024-10-28T00:00:00Z,salesforce,68,1,0.11,0.55,False
824a9e84-ebf3-41fa-aef8-ae4334fda098,2024-07-11T00:00:00Z,salesforce,22,6,0.32,0.5,True
a9ec44a1-9db2-4623-8338-b6a022df7aeb,2025-01-07T00:00:00Z,salesforce,64,5,0.98,0.81,False
a55c44b2-f38b-4d50-8770-9c2c92044362,2025-04-06T00:00:00Z,salesforce,33,0,0.82,0.33,True
d0440ae0-bb0a-454d-aaac-4eb3dfdf08f4,2024-06-11T00:00:00Z,salesforce,49,2,0.96,0.32,True
ff8fb939-474b-4191-85ff-a39d838374ef,2024-05-20T00:00:00Z,salesforce,87,0,0.54,0.38,False
f81c9f8d-63f3-4ba1-9ff9-875880311824,2025-01-06T00:00:00Z,salesforce,37,0,0.2,0.38,False
1b7cbbb9-f650-45da-9f35-283ddf48acd1,2024-08-21T00:00:00Z,salesforce,81,3,0.59,0.16,True
a21dfde6-b610-469f-a6e5-73b5da24b955,2024-12-15T00:00:00Z,hubspot,56,1,0.51,0.54,True
ec5a72af-df1c-47d4-82f2-81ccac072b3f,2024-07-21T00:00:00Z,salesforce,44,2,0.86,0.41,True
c2c757fb-0d90-4c71-b277-d33188312356,2025-02-05T00:00:00Z,hubspot,67,4,0.19,0.8,False
464491d0-b69e-4a91-a9c0-9179fd40e032,2024-08-25T00:00:00Z,hubspot,84,4,0.54,0.4,False
6464fc57-f8c9-477c-b581-aeb8818aa23d,2024-09-05T00:00:00Z,salesforce,72,6,0.24,0.4,True
f4a0195f-ea60-48bc-b1da-d7707b00a684,2024-12-22T00:00:00Z,hubspot,98,0,0.39,0.52,False
7c21cd30-e310-4799-aaee-26a06f5f878e,2024-06-03T00:00:00Z,hubspot,92,7,0.76,0.4,True
304988a8-7bca-46bd-bcee-a16eabbd20d3,2025-01-23T00:00:00Z,salesforce,34,3,0.53,0.49,True
34cf47cd-f3f8-4128-a2a1-794af6d09d48,2025-03-16T00:00:00Z,salesforce,68,7,0.44,0.16,True
e0a7eec3-7c8e-4a51-b33e-e660664eeedc,2025-05-13T00:00:00Z,hubspot,87,3,0.46,0.42,False
60d40a9d-9efe-4475-acc5-1186080cd3b4,2024-07-15T00:00:00Z,hubspot,31,4,0.51,0.1,True
d40283f9-4992-416d-93ff-77b0c9be012e,2024-09-03T00:00:00Z,salesforce,78,6,0.81,0.24,True
2a31a0af-7ef3-4b1f-ad20-bb1e17a66ee6,2024-12-26T00:00:00Z,salesforce,56,6,0.9,0.49,False
ff00e15b-b46c-41ae-bc18-b305a71f9ac9,2025-04-08T00:00:00Z,salesforce,80,6,0.96,0.41,True
fc80a31c-6ff7-4602-8552-f9bc888ea2d2,2024-12-06T00:00:00Z,salesforce,62,2,0.81,0.73,False
7013d984-64e2-4ed5-b2f0-038b0f52667d,2025-05-06T00:00:00Z,hubspot,89,1,0.38,0.56,False
1e3fdcf9-8e0b-41c6-979d-d6a97397aded,2024-09-24T00:00:00Z,salesforce,58,2,0.72,0.46,True
7cafc84e-ac1a-49c7-9dd0-0b326f184462,2025-02-05T00:00:00Z,salesforce,75,5,0.49,0.28,True
05ef1c21-ce6b-46f0-a2fa-58b16a957bfc,2024-12-19T00:00:00Z,hubspot,82,5,0.33,0.52,False
6ea19200-f0dd-4e52-b90b-dcaf0f2f6403,2024-07-15T00:00:00Z,salesforce,65,7,0.86,0.1,True
9f939c5e-5add-40e6-9a0c-9ef32518e975,2024-10-19T00:00:00Z,salesforce,30,1,0.13,0.15,True
bf441667-96b7-4194-b8e4-52646c737e75,2025-01-04T00:00:00Z,hubspot,81,4,0.91,0.38,False
9692b592-430a-4a75-9ba9-a8813868477a,2024-12-14T00:00:00Z,hubspot,96,1,0.52,0.5,False
1fe468be-33c7-47fc-8aea-9ffc80a8bb29,2025-03-22T00:00:00Z,salesforce,44,3,0.67,0.13,False
6e996b08-b0a8-489b-a600-4d134bd52790,2025-01-15T00:00:00Z,salesforce,90,5,0.69,0.21,False
aad8612c-cba0-4355-af7d-6ba50c31d4e1,2024-12-05T00:00:00Z,salesforce,71,0,0.91,0.23,True
e8951754-661b-40ee-8839-9a861e657af7,2025-01-19T00:00:00Z,salesforce,23,0,0.67,0.74,False
bb7c4103-24e3-4622-95f5-3e10734cad25,2025-03-01T00:00:00Z,salesforce,78,4,0.65,0.21,True
599f0206-7bfe-4849-82bd-04943ca1ba40,2025-01-22T00:00:00Z,salesforce,91,3,0.16,0.39,False
ce3ca822-f2a2-4d5c-af63-b3c57a8bc793,2025-01-31T00:00:00Z,salesforce,39,7,0.57,0.25,False
57e9b768-44c8-4a5a-a735-b2bdda8ac846,2024-06-09T00:00:00Z,salesforce,82,2,0.24,0.53,False
11f24fbd-77e7-4ec5-8999-d3c3953e0be1,2024-09-03T00:00:00Z,salesforce,73,3,0.76,0.29,False
64c336bc-5015-4365-b2bf-3febd971332d,2024-09-30T00:00:00Z,salesforce,93,0,0.56,0.2,False
100d8399-2b93-4e89-9b4c-be6a6e133978,2025-01-23T00:00:00Z,salesforce,76,0,0.71,0.29,True
6c86490b-c6b5-496d-bba0-17d287df6fdd,2025-02-05T00:00:00Z,salesforce,60,7,0.14,0.1,True
d39d4f8c-2f6e-4b49-afd0-5ac3577d8443,2024-12-13T00:00:00Z,salesforce,22,5,0.18,0.1,False
740ab48b-62a6-4b40-933d-bb3d88b8d0ab,2024-05-31T00:00:00Z,hubspot,25,3,0.74,0.13,True
f86b88f7-1cc5-4beb-a2d9-792aa334fe7a,2024-06-11T00:00:00Z,salesforce,24,3,0.16,0.1,False
879e6dba-e425-4b7a-a137-5cfc0a1229e3,2024-11-02T00:00:00Z,hubspot,24,0,0.16,0.19,False
500b059c-6190-430c-88e4-257420531760,2024-07-09T00:00:00Z,hubspot,73,2,0.11,0.27,True
834e55e0-eca2-4e5d-921a-0f0366a454d3,2024-12-03T00:00:00Z,salesforce,66,4,0.96,0.64,False
6e135243-bf34-4f1c-afb4-dedc2d05153f,2024-10-19T00:00:00Z,salesforce,68,6,0.76,0.53,False
b47cd2b8-20b4-447e-a608-a1a8d0ad3a6c,2024-11-27T00:00:00Z,salesforce,28,4,0.42,0.4,False
6ad268b1-5451-44c4-b9d1-5fa7108c0363,2024-12-05T00:00:00Z,salesforce,39,3,0.37,0.33,False
4f674eda-7418-4c44-b8bc-3dd9e78d2f38,2025-03-08T00:00:00Z,hubspot,80,4,0.41,0.75,False
797788d1-57bf-41f5-a014-d34aea18c647,2024-07-30T00:00:00Z,salesforce,54,0,0.8,0.44,False
551b0a6d-c05e-42ad-be45-54c05f09221b,2024-08-11T00:00:00Z,salesforce,69,0,0.7,0.17,False
54ca85d7-6b6e-4cbc-b595-5c105a90cf77,2024-07-15T00:00:00Z,salesforce,81,7,0.27,0.37,True
d09f57dc-1a5d-4341-a1e2-659157e89d4c,2024-12-31T00:00:00Z,salesforce,36,3,0.26,0.16,False
ebf1373f-4872-49f4-a145-13f8b71b02d3,2024-11-01T00:00:00Z,hubspot,22,7,0.19,0.4,False
59a13ec1-565f-45d5-80a6-a04fa2906609,2025-01-07T00:00:00Z,salesforce,51,3,0.69,0.34,True
86d1c797-a58f-47ac-818c-0f0064a5cdde,2025-04-12T00:00:00Z,salesforce,32,6,0.79,0.43,True
c5baea8b-4d49-4a3d-8466-7b939881d1c6,2024-11-20T00:00:00Z,hubspot,92,6,0.34,0.54,False
179f93b3-c735-4ecb-a58a-b0c7f4c5eac6,2025-04-23T00:00:00Z,hubspot,87,5,0.12,0.4,True
96508562-5df7-420d-a464-47d849f7ee44,2024-09-19T00:00:00Z,salesforce,33,3,0.17,0.94,False
41345a1c-971f-483c-8b6e-428de40044ec,2024-12-08T00:00:00Z,salesforce,30,2,0.97,0.21,False
b8237ac0-e6c8-47ac-b6a1-74586615494a,2025-04-07T00:00:00Z,salesforce,75,4,0.37,0.27,False
e277e4f0-95f6-43cf-b7ee-49e4037100ea,2024-09-27T00:00:00Z,salesforce,86,3,0.79,0.18,True
f709c104-4049-41ba-9e43-d3a5593251d0,2024-05-15T00:00:00Z,salesforce,48,1,0.66,0.28,True
03531de4-83dc-4de1-8085-87dff3611a8e,2025-03-25T00:00:00Z,salesforce,28,5,0.44,0.22,True
6c11332d-a749-4447-9e30-6170519b80a4,2024-08-24T00:00:00Z,salesforce,86,1,0.29,0.8,False
52543c6f-8682-482f-a159-20b7fc35954c,2024-08-05T00:00:00Z,salesforce,44,0,0.21,0.35,True
3b2870e5-0071-44b3-bd9d-6fb36dc5f7f4,2025-04-18T00:00:00Z,hubspot,95,6,0.65,0.47,False
19c7e2bd-d872-454f-ab55-732a9a4d70bc,2024-10-01T00:00:00Z,salesforce,61,4,0.8,0.21,True
0fb2721e-aae3-4376-8b0b-99292e50e5d3,2024-08-11T00:00:00Z,salesforce,28,3,0.68,0.57,True
86996604-378f-4a30-88bd-79b27c032bef,2024-08-02T00:00:00Z,salesforce,98,1,0.58,0.7,False
20ef8353-a5fd-4d47-9532-adc78e1f148f,2025-02-07T00:00:00Z,hubspot,59,4,0.14,0.84,False
ce01706a-4bb2-409e-b29b-6226833f7363,2024-08-04T00:00:00Z,salesforce,44,0,0.97,0.1,True
7a923c83-d28c-4173-a966-5032df722d27,2024-07-02T00:00:00Z,salesforce,24,6,0.82,0.42,True
181b8c9e-bb84-44f9-9b0c-8225321712cb,2024-07-15T00:00:00Z,hubspot,30,2,0.36,0.1,True
ce1d7d38-7898-4640-a3a2-987a9dc07a3b,2024-12-19T00:00:00Z,hubspot,78,5,0.98,0.16,True
198bf341-d491-43c6-bed4-14f1a0113b86,2025-05-11T00:00:00Z,hubspot,98,4,0.64,0.12,False
5c42738f-e998-494e-9351-ca03c400ecc6,2025-04-10T00:00:00Z,salesforce,57,4,0.62,0.2,True
38070f49-6540-4768-95d3-90da3df3e9ba,2024-11-04T00:00:00Z,salesforce,91,2,0.77,0.3,True
218e24c7-5ac4-4b79-9e2e-6686d3dcfb28,2025-03-27T00:00:00Z,hubspot,24,4,0.83,0.1,True
34c3557f-c1fe-4600-b87c-3b1aabe3edb4,2025-04-28T00:00:00Z,hubspot,67,0,0.69,0.41,False
2cb05fb6-73ab-41db-b8ec-2d613ec208eb,2024-11-24T00:00:00Z,salesforce,37,0,0.22,0.48,False
51a59461-71aa-40c2-af5e-d96321a112b4,2024-10-07T00:00:00Z,salesforce,89,2,0.4,0.14,True
75bc82b4-face-430a-bb2a-2f24012e63e6,2024-12-08T00:00:00Z,salesforce,56,5,0.94,0.2,False
459b8676-e8dd-4573-b5af-3e79520c40a7,2025-03-30T00:00:00Z,hubspot,79,3,0.3,0.48,False
bf1346e0-499e-4c69-88db-28ac2ba3c34c,2025-05-09T00:00:00Z,salesforce,67,1,0.43,0.6,False
e10f2034-091e-4a5e-9408-c411a26de4f7,2025-02-05T00:00:00Z,salesforce,96,3,0.49,0.12,False
9727a9ce-11e2-416d-81ca-94d81066f451,2024-09-24T00:00:00Z,salesforce,47,4,0.5,0.14,False
2ea904bc-f356-4ba6-ae87-35964527b444,2025-04-08T00:00:00Z,salesforce,88,1,0.65,0.31,False
3c9866f4-da0c-402a-b60f-702b57f64ff2,2024-08-08T00:00:00Z,salesforce,96,7,0.95,0.47,True
0496454e-dc44-4080-9d01-8f42e39f2d5b,2024-05-31T00:00:00Z,salesforce,59,2,0.32,0.5,False
5732f8c3-4fe9-445e-9769-223926a39a0d,2024-07-17T00:00:00Z,hubspot,64,2,0.21,0.57,False
c4509da8-7e70-4fb6-8b62-6dc1e9ac23f0,2024-11-15T00:00:00Z,salesforce,81,5,0.28,0.29,True
9d1eda3b-ac84-458d-9919-03b5d46a9cb9,2025-02-09T00:00:00Z,salesforce,77,1,0.9,0.59,False
37ca68b2-ea85-4cd5-a07c-99bdc46f43c4,2025-02-05T00:00:00Z,salesforce,86,0,0.68,0.1,False
d9c71bcd-f72e-4efc-87d9-5b2f7b88bb2d,2024-11-08T00:00:00Z,salesforce,75,1,0.36,0.53,False
eb7545ac-fa5c-4200-852d-300181810642,2025-01-19T00:00:00Z,salesforce,59,4,0.83,0.32,True
54a83a70-6625-49b4-84cc-3041e4b010fc,2024-11-05T00:00:00Z,salesforce,59,0,0.88,0.39,True
b8c4ea93-c5e0-42b2-8e2d-4d384161b139,2024-09-04T00:00:00Z,salesforce,96,6,0.86,0.79,False
d3c2b8b2-994f-4172-b272-bb83ba2124ab,2024-12-05T00:00:00Z,salesforce,52,6,0.93,0.35,True
62261a8a-f27c-4a01-b6cb-f0ed05a25c86,2024-09-01T00:00:00Z,salesforce,25,7,0.33,0.12,True
ba5df051-0fc1-49c3-9e1f-9ceec464a275,2024-06-26T00:00:00Z,hubspot,38,6,0.78,0.37,True
44999e5e-486b-48c1-b810-47efd6035a44,2025-01-07T00:00:00Z,salesforce,99,2,0.51,0.1,True
298a6472-6642-4d94-8e6a-bb2edec0c127,2025-04-27T00:00:00Z,hubspot,59,1,0.86,0.21,True
3b373335-dc09-4531-ae52-d14fc7351cf7,2024-08-07T00:00:00Z,salesforce,78,6,0.76,0.1,True
1c75ea9d-fdc6-42ab-98df-afa1b0bce926,2024-10-04T00:00:00Z,hubspot,78,3,0.8,0.1,False
22fdc5bd-45e1-42dc-ba63-c0bc072a292f,2025-03-22T00:00:00Z,hubspot,67,5,0.69,0.18,True
aef6ff0f-4338-410d-898c-2c0cae2ab5b7,2025-03-18T00:00:00Z,salesforce,60,3,0.26,0.26,False
f8f49573-4e96-43a4-94f5-a19772003b33,2024-06-26T00:00:00Z,salesforce,32,6,0.59,0.3,True
883a8e10-2b0e-420e-80e4-694d59fb7039,2024-05-20T00:00:00Z,salesforce,64,7,0.99,0.4,True
6c9ccf38-f294-4ee5-93e1-b022a2ed06e7,2024-11-22T00:00:00Z,salesforce,72,5,0.94,0.1,True
254dc13f-49af-4419-b5bf-a5a067b78561,2024-08-08T00:00:00Z,hubspot,61,4,0.14,0.2,False
96f265a6-5955-467b-ad6a-3336956dc898,2025-01-21T00:00:00Z,hubspot,82,3,0.25,0.53,False
9fe6603c-fc9d-4d8d-b2e7-7bec80245dd1,2024-07-31T00:00:00Z,hubspot,46,7,0.22,0.23,True
abd37f57-c460-4ede-a05e-0135161bba85,2024-06-07T00:00:00Z,salesforce,57,1,0.75,0.26,True
c1b4e8ba-5af3-4225-9782-2d58e8f2ba2a,2024-12-15T00:00:00Z,hubspot,79,1,0.84,0.64,False
85f57bb8-d8f8-4cad-b0c6-d3c135199639,2025-01-08T00:00:00Z,hubspot,26,3,0.29,0.61,False
f4a56568-e8cc-46e3-803c-3757c4d947d8,2024-12-11T00:00:00Z,salesforce,24,6,0.56,0.69,False
b1f5144d-2956-4849-b12c-e9e67dd0dd91,2024-08-15T00:00:00Z,salesforce,64,7,0.86,0.2,True
b742bddb-524f-47ce-8a0a-15931f79b1da,2025-01-31T00:00:00Z,hubspot,77,1,0.76,0.63,False
cf925642-aaa6-4516-8e2c-d5912b9f5875,2024-07-20T00:00:00Z,salesforce,50,4,0.59,0.15,True
f28f14a1-09d4-4a33-a168-cf4b2a7b9481,2024-09-11T00:00:00Z,hubspot,42,0,0.63,0.33,False
027c83ab-c6a1-42f6-9b42-e080e4432ffe,2024-11-20T00:00:00Z,salesforce,61,6,0.56,0.32,True
1a988ec8-5068-4c0a-b8db-0c857dcbeedd,2025-04-06T00:00:00Z,hubspot,29,7,0.37,0.25,True
a93ec84f-e3cb-42d6-b6c6-d8d4abb75f85,2024-11-26T00:00:00Z,salesforce,51,4,0.61,0.42,True
74367ba6-f334-4388-9ae6-4e12706f42cf,2024-09-10T00:00:00Z,salesforce,72,7,0.72,0.37,True
3f7c4c79-fa8a-4b95-a887-524089017eb8,2025-04-19T00:00:00Z,salesforce,49,5,0.89,0.77,False
839fced4-31f2-4d1e-badc-64c06b4d6e07,2024-05-25T00:00:00Z,hubspot,58,4,0.67,0.41,True
07615f3d-f653-4a8a-9466-79c5f284694a,2024-07-13T00:00:00Z,hubspot,50,6,0.79,0.31,True
2fef6faf-2b97-40f0-bab5-ad23a46966ed,2025-05-02T00:00:00Z,salesforce,21,5,0.24,0.24,True
2b99bd0d-7bd6-42b9-9669-0d32a5bd3371,2024-07-03T00:00:00Z,salesforce,97,6,0.52,0.6,False
d8f92297-d118-4203-80bd-8d148bf2b711,2024-07-06T00:00:00Z,hubspot,96,1,0.11,0.38,False
85951141-f1e2-4f93-8673-be249ed706f8,2025-04-09T00:00:00Z,salesforce,31,0,0.32,0.56,False
cbbf0bef-4ba7-4ca7-b16a-d8a29f1cf2d5,2024-11-23T00:00:00Z,hubspot,58,6,0.75,0.73,False
8e306e64-9ec5-42bc-a00b-315451db472c,2025-04-25T00:00:00Z,salesforce,85,6,0.99,0.67,False
e4347642-661e-457a-81ce-3bc6b870b4ca,2024-06-28T00:00:00Z,salesforce,32,1,0.19,0.36,False
bef6f98a-b160-4172-ac1c-a10bfce82d87,2024-08-24T00:00:00Z,salesforce,65,2,0.46,0.23,False
05097dd5-8e09-4198-bbd1-3ab9eae18755,2024-12-24T00:00:00Z,salesforce,46,1,0.82,0.4,False
7b3c2e9a-c576-4c36-be6e-37ac0831b9d2,2024-12-23T00:00:00Z,hubspot,36,5,0.28,0.18,False
fef2dae2-b4e8-4c29-b04d-1aaf80eb35be,2025-02-12T00:00:00Z,salesforce,79,1,0.6,0.38,True
a72342d5-29e1-4354-896e-83b800a3a3cb,2024-05-26T00:00:00Z,salesforce,83,1,0.76,0.36,False
6e38167f-3978-416b-af28-0465fd3cae86,2024-06-27T00:00:00Z,hubspot,54,0,0.65,0.23,False
d5ed59d4-0693-4eac-9861-51d4abac7676,2024-07-31T00:00:00Z,salesforce,89,1,0.27,0.12,False
14a719ff-6ece-41dd-89b6-cfccc6f93c53,2024-10-12T00:00:00Z,salesforce,49,7,0.42,0.45,True
07ea080f-b08a-4570-85ee-1a2a35be12bf,2024-06-07T00:00:00Z,hubspot,90,6,0.81,0.46,True
fb36a42d-e654-4398-a59e-9c68321701e3,2025-03-25T00:00:00Z,hubspot,93,7,0.6,0.18,True
2133471a-e35f-4244-adfc-8ec19a43342e,2024-12-13T00:00:00Z,salesforce,82,0,0.1,0.13,False
25645670-96ed-4b76-aff1-ff43b2f82d1e,2024-11-10T00:00:00Z,hubspot,47,3,0.78,0.21,True
ee797f54-2980-4795-b101-010f794a5bdd,2025-03-13T00:00:00Z,hubspot,79,2,0.13,0.33,False
e8e323b4-2e18-47ee-b1f9-9e196ad7f4e2,2024-11-06T00:00:00Z,salesforce,98,7,0.77,0.36,True
4efbd89a-fa7d-47da-be8f-8f0698b6243e,2025-01-10T00:00:00Z,salesforce,56,0,0.28,0.44,True
75911120-e732-41ff-b819-96abac854b47,2024-12-16T00:00:00Z,hubspot,41,5,0.96,0.33,False
df1a4d72-9b5f-4d17-9255-b05f848602c1,2024-07-05T00:00:00Z,hubspot,87,3,0.43,0.19,True
89d693a3-2fd0-4705-b1cf-5281e4a56e73,2025-03-18T00:00:00Z,salesforce,39,0,0.39,0.34,True
ad6b921e-bcdc-4c00-ba40-25b787b7cbaa,2024-06-07T00:00:00Z,hubspot,87,0,0.23,0.51,False
d90c7e7b-e05a-475a-b44e-9665d9af42d8,2024-07-14T00:00:00Z,hubspot,83,2,0.38,0.33,True
810bfa9a-a637-4647-92fb-7bc78c5977b1,2024-11-16T00:00:00Z,salesforce,36,6,0.89,0.12,True
37c93525-43d8-4c69-a351-d03447c72549,2024-11-26T00:00:00Z,salesforce,31,7,1.0,0.27,True
7e99c2ab-8e96-4a71-abe1-18bbe5c28a41,2024-06-23T00:00:00Z,salesforce,41,5,0.43,0.12,False
9b48058e-ab5b-44a2-aebb-7e894ad6a9ee,2024-08-17T00:00:00Z,hubspot,36,4,0.5,0.21,True
b572cde8-9eea-46d0-809a-5df663c2cd07,2025-03-22T00:00:00Z,salesforce,29,7,0.75,0.62,True
b1333ebe-193e-4796-ae60-9d7ca59cb9c5,2025-02-03T00:00:00Z,salesforce,84,4,0.9,0.4,False
13191afd-ec9b-4c3c-816b-c1748cb3456b,2024-08-24T00:00:00Z,hubspot,41,0,0.63,0.13,False
9205867c-e1aa-4532-bf84-8e49c45b33a7,2025-03-23T00:00:00Z,hubspot,69,1,0.45,0.12,False
1ca151e8-318c-4c21-9b1c-f8ffd490df9a,2025-03-16T00:00:00Z,salesforce,33,5,0.47,0.26,True
326b6117-22e4-4eae-991a-4a6d52e3a5ad,2025-01-27T00:00:00Z,hubspot,83,3,0.73,0.15,True
0452b8cd-0c43-42ad-90ec-b44c3974215d,2025-05-10T00:00:00Z,salesforce,66,1,0.1,0.11,False
a85c4958-7414-4f39-b641-9e4d992fe403,2025-02-01T00:00:00Z,hubspot,48,1,0.66,0.56,False
dcdd2f03-917a-4b1d-82a4-e8c1396cbeb5,2024-10-31T00:00:00Z,salesforce,95,7,0.42,0.33,True
cc5b207c-15ad-45e1-9fd2-d7f3e2b0586a,2024-08-26T00:00:00Z,salesforce,55,5,0.81,0.22,True
1a745a4f-b0bb-4357-a1b2-5fea7f69044e,2024-05-15T00:00:00Z,hubspot,71,6,0.18,0.76,False
bd076e3d-6fda-4412-9ca6-4483bc164ff9,2024-05-30T00:00:00Z,salesforce,95,0,0.63,0.18,False
351fc0d6-2f9a-4ee1-9aad-b530e7fb0482,2025-03-29T00:00:00Z,salesforce,26,0,0.53,0.87,False
f1cea5a7-f7d9-48f2-82dc-b52268b45cac,2024-05-25T00:00:00Z,hubspot,48,0,0.68,0.31,False
bf1dbeac-b7af-4aca-ba37-52dde2fd166e,2024-07-08T00:00:00Z,hubspot,30,0,0.16,0.88,False
ff83b110-ecc9-4490-bc57-f6d43bb1174b,2024-07-11T00:00:00Z,hubspot,52,7,0.62,0.31,True
abcdfbab-008a-4cc8-bd65-bdd418407a8b,2024-12-22T00:00:00Z,hubspot,25,4,0.61,0.63,False
75ef9a1d-2833-49c3-bf2a-31482eaab44d,2024-08-19T00:00:00Z,salesforce,98,0,0.6,0.54,True
8a81d7bc-633b-45d1-8e23-37b0cf86cc6c,2025-01-11T00:00:00Z,salesforce,51,4,0.64,0.31,False
a1d51db3-4cc6-4656-9316-43321222c451,2025-01-29T00:00:00Z,salesforce,70,4,0.71,0.88,False
7b7130cc-c835-4997-b20a-11ba99a4728a,2024-12-08T00:00:00Z,salesforce,94,6,0.82,0.16,True
ee93d586-c9a7-45a4-b0ff-53a3d1ac48d1,2024-12-19T00:00:00Z,hubspot,77,0,0.34,0.41,False
b8ac9945-fa2f-4ea6-b8fd-4bb9cae8ef00,2024-12-21T00:00:00Z,salesforce,45,2,0.84,0.36,False
99de6b25-a100-4c6f-8d9e-d1403ffed67b,2025-01-15T00:00:00Z,salesforce,65,3,0.55,0.46,False
bf9e6fbf-0fb8-4da3-a4f8-c98e670cbf90,2024-06-30T00:00:00Z,salesforce,48,1,0.17,0.14,True
1fc46edc-b058-46c2-900d-8a9d5eac85b5,2024-08-13T00:00:00Z,hubspot,23,4,0.15,0.22,True
9b048ea6-61cc-44e1-a674-75e5e128c877,2025-02-12T00:00:00Z,salesforce,32,5,0.4,0.44,False
dc2e4fa5-79f8-4598-b233-91f874a42a75,2025-03-18T00:00:00Z,salesforce,58,5,0.81,0.45,True
6dfb85cf-265b-4b3f-8e30-bc8c6cf5b3b9,2024-06-03T00:00:00Z,salesforce,34,3,0.74,0.76,False
d3867c43-59b3-4892-88e9-c8814ad6194b,2024-09-28T00:00:00Z,hubspot,48,5,0.81,0.44,False
a230184f-e321-4007-96a0-ea629ec7f2cd,2025-01-18T00:00:00Z,salesforce,48,2,0.57,0.15,True
c9606f7a-d45e-4a49-9ee1-57925c3e7125,2024-07-01T00:00:00Z,hubspot,94,5,0.5,0.25,False
58ce4aad-964a-4056-8cd6-26da21f81044,2024-08-09T00:00:00Z,hubspot,51,1,0.23,0.25,False
ee2d8f62-e2d1-4740-a893-1f81d99d3533,2025-01-08T00:00:00Z,salesforce,21,1,0.4,0.1,True
572f17a2-b10f-4a12-bbcb-f6cbdac5b16d,2025-01-06T00:00:00Z,hubspot,66,4,0.49,0.34,False
f1b17ced-9ac7-4806-a758-382597c33289,2025-03-18T00:00:00Z,hubspot,97,0,0.18,0.31,False
98e81e58-f71c-4890-b8b2-a2813bc3dd1a,2025-01-13T00:00:00Z,hubspot,41,6,0.3,0.92,False
dbf2060a-df3c-405b-8dd9-1cc60cf13f2a,2025-05-14T00:00:00Z,salesforce,94,2,0.64,0.45,False
e924ae7a-5c2b-4ae7-a48c-a3487a79c28a,2024-09-18T00:00:00Z,salesforce,46,4,0.76,0.15,True
b3452e85-d495-4cfb-904e-c58898d46090,2024-07-29T00:00:00Z,hubspot,86,2,1.0,0.44,False
d175230c-8e89-4060-8fd6-9b5baaa3b226,2025-02-08T00:00:00Z,salesforce,75,0,0.94,0.21,False
9088d5b0-e6ec-4fed-8be8-b5f12302b013,2025-01-09T00:00:00Z,hubspot,40,7,0.68,0.44,False
ba1d5a5e-9cb2-4a77-bf8c-95fe76a7292b,2025-01-17T00:00:00Z,hubspot,66,5,0.48,0.6,False
5fb10642-3b80-4460-aaf3-6c28f9d11d32,2025-03-28T00:00:00Z,hubspot,99,5,0.67,0.16,True
7a282f58-85e3-400a-bc7d-98babc2fce80,2025-02-15T00:00:00Z,salesforce,78,6,0.81,0.44,False
0d0077a8-e30f-45f6-9ccb-a044d728877a,2024-09-20T00:00:00Z,salesforce,25,0,0.21,0.58,True
988a2555-7d11-41ca-b57e-bbd241eb5b8d,2024-08-16T00:00:00Z,hubspot,38,4,0.47,0.53,True
f4c59252-3b9a-4dc2-adea-8460615e819c,2024-11-07T00:00:00Z,hubspot,76,6,0.86,0.33,True
8559e78b-ce2b-4c52-a0f0-401b22f4c4cb,2024-11-04T00:00:00Z,salesforce,88,0,0.45,0.58,False
abe71036-1e08-40c0-9212-f005aea4992c,2025-03-07T00:00:00Z,hubspot,22,3,0.61,0.65,False
8aac0f0c-1997-4089-9203-51382fdd93cf,2024-08-10T00:00:00Z,hubspot,20,1,0.63,0.24,False
c7e4f394-a7a5-47ea-9fee-149c88b3aed4,2024-05-31T00:00:00Z,salesforce,77,6,0.27,0.39,False
f040828a-13b9-4903-8822-5923190082dd,2024-09-10T00:00:00Z,salesforce,57,6,0.43,0.11,False
7b5c26a5-4a58-4462-8814-a0c9112c247e,2025-02-28T00:00:00Z,salesforce,34,4,0.4,0.39,False
1580b31e-c47b-4e5e-b880-2936ab74a7ce,2024-12-12T00:00:00Z,salesforce,53,2,0.12,0.51,False
757aff48-787c-4e1b-8a20-1919dc600bfb,2024-12-22T00:00:00Z,salesforce,80,3,0.12,0.24,False
3a4bab6d-8ac1-4efb-ba7c-73bea102493b,2025-02-18T00:00:00Z,hubspot,54,4,0.85,0.35,True
fe79188e-571e-4cd4-9991-173b4af65672,2024-11-11T00:00:00Z,salesforce,83,0,0.35,0.9,False
6124d437-79bb-4487-b834-4af1fe753acd,2024-08-03T00:00:00Z,salesforce,44,0,0.57,0.66,False
fb4d6e36-58cc-4e76-b6c6-717d36056a88,2024-10-07T00:00:00Z,salesforce,43,0,0.37,0.51,False
818e0a53-0662-4d3d-ad7c-58a4af360d38,2025-03-07T00:00:00Z,salesforce,31,7,0.95,0.29,True
8643764d-23f4-45e4-818d-28624a71af80,2025-03-29T00:00:00Z,hubspot,37,0,0.33,0.18,False
4efb0e07-e83f-405a-ac45-6040c1b41ff7,2025-02-10T00:00:00Z,salesforce,34,2,0.49,0.25,True
91649bef-7928-4f9e-8b1c-a4ee3c9ded49,2024-09-19T00:00:00Z,salesforce,99,3,0.89,0.15,False
8d179cf7-7b4f-46dd-8f31-14f67971ff97,2024-10-23T00:00:00Z,hubspot,46,5,0.86,0.58,False
f478abc5-b8f6-4dd4-8e25-056505e1d613,2024-10-09T00:00:00Z,salesforce,91,1,0.27,0.29,False
5e73337c-3539-4a38-ae91-bd0bbdc4e6a0,2024-06-08T00:00:00Z,salesforce,79,2,0.82,0.33,True
a3297288-4043-49c0-be5d-ef6fbb06b946,2025-04-06T00:00:00Z,salesforce,65,2,0.51,0.69,False
61874500-d27b-4722-90de-fc5c0914c371,2025-02-04T00:00:00Z,salesforce,36,7,0.53,0.21,False
cfe93ee1-fc38-4641-80ba-725b64dc9de2,2024-07-30T00:00:00Z,salesforce,72,5,0.22,0.5,False
cb32266d-3e17-4301-affa-c2a4d7b58d60,2024-09-03T00:00:00Z,salesforce,27,5,0.17,0.95,False
e1d71797-179a-47c8-aef0-7f1a14dde139,2024-10-05T00:00:00Z,salesforce,98,1,0.76,0.35,True
7c6361ab-bbca-47f1-8665-ca4055a06475,2024-05-23T00:00:00Z,hubspot,46,1,0.55,0.79,False
fd54d9d8-90b7-4e69-8186-a1c4d95a80f7,2025-04-22T00:00:00Z,salesforce,65,5,0.49,0.48,False
8a8662e1-047e-4db6-a29e-5b42ea073aa6,2024-09-07T00:00:00Z,salesforce,69,0,0.76,0.42,False
56b68f72-6bee-48d4-a805-9aa57b2ff041,2025-05-05T00:00:00Z,hubspot,90,2,0.79,0.14,True
a0356e1c-e6ff-48b3-a49d-8fe4f0ddc142,2024-09-11T00:00:00Z,salesforce,22,4,0.24,0.27,False
642b7af8-4b55-4a8e-8c5c-6cd5289605d2,2024-06-24T00:00:00Z,hubspot,83,1,0.65,0.6,False
89c5f4a8-8ea2-43aa-86ab-5e721d8b4ee7,2025-02-04T00:00:00Z,salesforce,63,7,0.22,0.2,True
cc60a009-b1ab-4a24-80e9-3c1a5a83cf05,2024-07-29T00:00:00Z,hubspot,72,7,0.78,0.19,True
0e43a53a-44ce-445b-b353-2edb317fa590,2024-11-16T00:00:00Z,salesforce,43,1,0.69,0.5,False
a59ec45f-56be-4918-88e6-52561bc69a88,2024-10-04T00:00:00Z,salesforce,79,5,0.96,0.24,True
bec72529-d83c-4f5d-8429-def7b78d7306,2024-09-07T00:00:00Z,salesforce,22,3,0.16,0.45,True
e6592f6b-57e3-4d78-be5d-1251188728f4,2024-12-19T00:00:00Z,hubspot,39,4,0.15,0.53,True
08610cd2-65c0-4778-b035-1329e23613de,2025-02-08T00:00:00Z,salesforce,65,4,0.35,0.37,False
1eab386b-09ba-46be-820d-3bb621ba02dc,2024-08-31T00:00:00Z,salesforce,34,1,0.34,0.79,False
0633368b-05d9-42f9-ae16-1da62fdaac6e,2024-06-24T00:00:00Z,salesforce,44,0,0.32,0.79,False
2c2708cf-0b2f-44d4-8dfa-1dc9ba4ea2f6,2025-05-11T00:00:00Z,hubspot,97,3,0.92,0.25,True
f08815e4-7573-4ccd-a791-fe8b1d47bc9b,2025-04-29T00:00:00Z,salesforce,90,4,0.32,0.68,False
fd52b033-cd98-4d95-9fea-bb43558887a4,2024-08-08T00:00:00Z,hubspot,36,1,0.34,0.27,False
00e5d0d6-0027-447f-9efe-651678ac9b70,2024-06-13T00:00:00Z,salesforce,28,7,0.78,0.18,False
